id,title,description,price,condition,availability,brand,link,image_link
1183743166,"Hairband for ponytail, hair accessories, headband gold or silver, wedding headband, hair decoration, r lovely, link chain, headdress","&quot;HAIRCHAIN&quot; hair band - ponytail ğŸ’–ğŸ’›ğŸ’œğŸ–¤ğŸ¤

PRODUCT INFORMATION:
Hairband - Ponytail Chignon
The chain made of high quality acrylic is a plug-in system. This allows you to separate or interlock the chain links and adjust them exactly to your desired length. The standard hair band is attached to the snap rings, which are available in silver, gold and metal gun. This makes the &quot;HAIRCHAIN&quot; elastic and therefore comfortable. If you want to put the chain around your high ponytail, chignon or chignon, shorten the chain and put the ends directly into each other without the snap ring.

When you don&#39;t need the chain for your hair, wear it as a necklace, bracelet or short handle for your bag. Tada! A chain for all occasions!

Material & Dimensions
Chain: 100% acrylic acetate
Length incl. snap hook: 53 cm= 22 chain pieces
2 snap rings: Nickel-free aluminium
1 standard hair elastic","35.00 EUR",new,"in stock",https://localhost/etsy-connector,https://rlovelyshop.etsy.com/pl/listing/1183743166/hairband-for-ponytail-hair-accessories?utm_source=fbigshoppingintegrat&utm_medium=api&utm_campaign=api,https://i.etsystatic.com/32077465/r/il/bf7dc4/3789083231/il_fullxfull.3789083231_4x2z.jpg
1163374912,"Accessory or small bag with detail selfmade, crossbody bag, clutch bag, customise rlovely, make up bag or cosmetic bag, pochette","&quot;MODEL &quot;Jeannie CUSTOM Pieapple&quot; Accessory and/or optional small shoulder bag.

CREATE YOUR DESIGN - The accessory will be handmade according to your wishes and in individual work for you! Production time 2 - 5 weeks.

The accessory &quot;Jeannie&quot; is available in 2 sizes. It is suitable as a larger accessory/make-up bag or as a small cosmetic bag.

ğŸThis item is made from vegan, sustainably produced pineapple leather. 
How and what you choose: 
Firstly choose the size and secondly which negative applique design you would like. 

Please let me know your preference and the following colours in the comments section of the order form: 
ğŸ‘‰ğŸ» Desired main colour in pineapple leather for the bag (four available): 
ğŸ‘‰ğŸ» Desired appliquÃ© colour (all colours available): 
ğŸ‘‰ğŸ» Desired zip colour: 
Please refer to the photos for colour designations.

With the side flaps you can also quickly turn &quot;Jeannie&quot; into a shoulder bag. Of course you can also get these options from me: 
ğŸ‘‰ğŸ» Snap rings in gold, metal gun or silver: https://www.etsy.com/listing/1146861719/snap-rings-carabiner
ğŸ‘‰ğŸ» additional chain here in the shop (&quot;basic chain&quot;): https://www.etsy.com/shop/RLovelyShop

--------------------------------------------

Material & dimensions
	
Body: High quality vegan leather
	Inside: Unlined
	Zips and metal details available in silver & gold & metal gun
Thousand Details: &quot;Jeannie&quot; can be worn as a simple accessory or as a bag with the optional accessories.
Snap hook optional - Necklace optional - Short acrylic chain optional 
Bag: Size &quot;Small&quot; approx. 26 x 15 x 3  
Size &quot;Medium&quot; approx. 29 x 17 x 4 cm (WxHxD)
	Weight: 150 gr. &quot;

-------------------------------------------

Are you creative and want to design your own bag? Then take advantage of the CUSTOM.BAG 


Have a look at my shop and discover more products: https://www.etsy.com/de/shop/RLovelyShop","79.00 EUR",new,"in stock",https://localhost/etsy-connector,https://rlovelyshop.etsy.com/pl/listing/1163374912/accessory-or-small-bag-with-detail?utm_source=fbigshoppingintegrat&utm_medium=api&utm_campaign=api,https://i.etsystatic.com/32077465/r/il/08a51c/3669284608/il_fullxfull.3669284608_ev0v.jpg
1130885314,"Eyeglass chain colourful","Eyeglass chain with aluminium chain: 

The glasses chain is 60 cm long. It consists of 14 pieces (40cm) of chain links and 10 cm of fine chain on each side. The loops for the spectacle temples are made of transparent plastic and fit any spectacle temple. 

The colours of the links are Rainbow, Rainbow Pink, Pink, Turquoise and Purple. 
They are very eye-catching and go perfectly with gaudy looks.","39.00 EUR",new,"in stock",https://localhost/etsy-connector,https://rlovelyshop.etsy.com/pl/listing/1130885314/eyeglass-chain-colourful?utm_source=fbigshoppingintegrat&utm_medium=api&utm_campaign=api,https://i.etsystatic.com/32077465/r/il/cf6212/3590846428/il_fullxfull.3590846428_sfqa.jpg
1139722033,"R - lovely Voucher - For designing your own handbag (Unique Handbags & Accessories), gift for her, mothers day gift, birthday gift","Give her YOUR THING! A unique piece, just like she is â¤ï¸.			
				
The voucher consists of a box containing many small fabric samples and a voucher card.		

--------------------------------------------------------------------

Because Etsy doesn&#39;t support vouchers, the recipient can simply send me an email or WhatsApp and the product she wants will be sent minus the voucher. 
OUR she chooses a &quot;CUSTOM.bag&quot;. 

Give a unique gift that is handmade! 
Each R.lovely.bag is handmade with passion, heart and brain! The recipient can use the voucher for all products. On the Etsy online shop for a trendy accessory or an R.lovely &quot;CHIEF.bag&quot;, a unique item available immediately! 
This bag is made completely individually according to her wishes through personal collaboration. This bag is and remains an absolutely unique piece and therefore something very special. 

From over 80 fabrics and looks, many bag models, leather straps and rivets, the right design can be chosen for the unique piece. 
The bag selection, the &quot;BAG-CHOOSING&quot;, is done by appointment either directly at my studio in Chiusa or easy peasy via Zoom; you at home - and me at the ATELIER. The CUSTOM.bag customer receives after her material selection several design proposals in the form of a drawing that simulates the finished bag and makes her ideas visually visible! After a successful selection, I make the bag and put her name on the inside. 

If there is not enough time, I will send you the voucher as a PDF to print out.

YOU ARE UNIQUE! ME TOO!!!","50.00 EUR",new,"in stock",https://localhost/etsy-connector,https://rlovelyshop.etsy.com/pl/listing/1139722033/r-lovely-voucher-for-designing-your-own?utm_source=fbigshoppingintegrat&utm_medium=api&utm_campaign=api,https://i.etsystatic.com/32077465/r/il/ccac66/3579188385/il_fullxfull.3579188385_qvlh.jpg
1196625874,"Short bag chain to pimp your bag, shoulder bag strap, crossbody chain, thick chain bag, adjustable bag chain, gift for her, rlovely","Bag strap as shoulder chain - shoulder chain - short carrying handle

5 lengths available:
35 cm total length for SMALL bags up to max 25 cm bag width and SHORT CHAIN - 14 pcs.
44 cm total length for SMALL TO MEDIUM sized bags up to max 35 cm bag width and SHORT CHAIN - 18 pieces of links
55 cm total length for MEDIUM to LARGE bags up to max 40 cm bag width and SHORT CHAIN - 23 pieces of connecting links 
80 cm total length to be worn as SHOULDER CHAIN - 33 links 
107 cm total length can be worn as a shoulder chain - 45 links 

Available in the following colours:
ğŸ‘‰ğŸ»Gold
ğŸ‘‰ğŸ»Silver
ğŸ‘‰ğŸ»Metal gun
ğŸ‘‰ğŸ»Marbled brown
ğŸ‘‰ğŸ»Pink
ğŸ‘‰ğŸ»Turquoise
ğŸ‘‰ğŸ»Purple
ğŸ‘‰ğŸ»Pink
ğŸ‘‰ğŸ»Yellow

------------------------------

2 pieces snap rings:
The snap rings open by a spring and can be hooked and unhooked anywhere and are available in 3 colours.                                                      

Let me know which colour of rings you would like when you place your order

Material snap rings: Nickel-free aluminium.","25.00 EUR",new,"in stock",https://localhost/etsy-connector,https://rlovelyshop.etsy.com/pl/listing/1196625874/short-bag-chain-to-pimp-your-bag?utm_source=fbigshoppingintegrat&utm_medium=api&utm_campaign=api,https://i.etsystatic.com/32077465/r/il/528c91/3790603724/il_fullxfull.3790603724_pknk.jpg
1172219871,"Personalized product, toiletry bag or make up bag for travel: design your own product, cosmetic bag, custom toiletry bag, rlovely","&quot;CUSTOMIZED PIECE&quot;

I make this item individually and according to your wishes. Choose your colour or colour combination and let me know: just write me directly on Etsy or send me a message when ordering and tell me how you want the toilet bag.

----------------------------------------------------

This toilet bag is sewn from high quality imitation leather. The inside of this beauty bag is made of coated cotton and is water repellent. This prevents any spilled shower gel/makeup from staying inside the bag and not leaking out. The side flaps are made of black webbing. The long strap is also fitted with a press stud and the bag can thus also be hung up.     

MATERIAL AND DIMENSIONS
	
Body: High Quality Vegan Leather
	Interior: Coated cotton light grey, slip pocket inside.
	Details: Plastic zip in silver 
	Length of side straps: Medium: short strap 3 cm, long strap 20 cm with snap Large: short strap 5 cm with snap, long strap 50 cm with snap
Thougt details: lining in water-repellent cotton
Bag: 2 different sizes:
-Medium ca 26 x 13 x 10 cm 
- Large ca 31 x 16 x 12 cm 
	Weight: 250 gr


Take a look at my shop and discover more products: https://www.etsy.com/de/shop/RLovelyShop?ref=simple-shop-header-name&listing_id=1154681902","79.00 EUR",new,"in stock",https://localhost/etsy-connector,https://rlovelyshop.etsy.com/pl/listing/1172219871/personalized-product-toiletry-bag-or?utm_source=fbigshoppingintegrat&utm_medium=api&utm_campaign=api,https://i.etsystatic.com/32077465/r/il/aa447d/3716924005/il_fullxfull.3716924005_i39l.jpg
1157814500,"Toiletry Bag ladies and men, cosmetic bag leather, toilet bag large, travel toilet bag, custom make up bag, r lovely, personalized bag","Toiletry Bag &quot;GO GIRL&quot;

Various colour options.

PRODUCT INFORMATION:
This PRE ORDER item is handmade by me according to your order. 

This toiletry bag offers plenty of space for a long holiday. It is sewn from high-quality imitation leather. The inside of this beauty bag is made of coated cotton and is water-repellent. This prevents spilled shower gel/make-up from staying in the bag and leaking out. The side flaps are made of black webbing. The long strap has a press stud so the bag can also be hung up.     

If you prefer to make your own toiletry bag, take a look here:

---------------------------------------------

material & dimensions
	
Body: High quality vegan leather
	Interior: Coated cotton light grey, slip pocket inside.
	Details: Plastic zip in silver 
	Length side strap: Short strap 3 cm, long strap 20 cm
Further details: Inner lining made of water-repellent cotton
Bag: approx. 26 x 13 x 10 cm
	Weight: 250 gr&quot;.

-------------------------------------------------------------

If you feel like it, you can also make your own toiletry bag, look here: 

Take a look at my shop and discover more products: https://www.etsy.com/de/shop/RLovelyShop?ref=simple-shop-header-name&listing_id=1154681902","69.00 EUR",new,"in stock",https://localhost/etsy-connector,https://rlovelyshop.etsy.com/pl/listing/1157814500/toiletry-bag-ladies-and-men-cosmetic-bag?utm_source=fbigshoppingintegrat&utm_medium=api&utm_campaign=api,https://i.etsystatic.com/32077465/r/il/293a27/3702641334/il_fullxfull.3702641334_cnk5.jpg
1157805688,"Toiletry Bag (two-tone)","&quot;GoGirl&quot; Toilet Bag large L two-tone 
Various colour options. 

PRODUCT INFORMATION: 
This pre-order item will be handmade by me according to your order. 
This cosmetic bag offers plenty of space for a long holiday. It is sewn from high quality faux leather. 
The inside of this cosmetic bag is made of coated cotton and is water repellent. This prevents spilled shower gel/make-up from staying inside the bag and leaking out. 

The side flaps are made of black webbing. Both straps are equipped with press studs. The long strap can be used as a carrying strap or to hang the bag. 

MATERIAL & SIZES 
Body: High quality vegan leather 
Interior: Coated cotton, slip pocket inside 
Details: plastic zip in silver 
Length of side straps: short strap 5 cm with press stud, long strap 50 cm with press stud Details: lining made of water-repellent cotton 
Bag: ca 31 x 16 x 12 cm 
Weight: 250 gr&quot;


Here you will also find two-coloured toilet bags:
If these are too big for you, you can also have a look at the smaller ones:

Take a look at my shop and discover more products: https://www.etsy.com/de/shop/RLovelyShop?ref=simple-shop-header-name&listing_id=1154681902","89.00 EUR",new,"in stock",https://localhost/etsy-connector,https://rlovelyshop.etsy.com/pl/listing/1157805688/toiletry-bag-two-tone?utm_source=fbigshoppingintegrat&utm_medium=api&utm_campaign=api,https://i.etsystatic.com/32077465/r/il/210d68/3668930256/il_fullxfull.3668930256_94hx.jpg
1171082691,"Toiletry Bag (plain)","Toiletry Bag &quot;GO GIRL&quot;

Various colour options.

PRODUCT INFORMATION:
This PRE ORDER item is handmade by me according to your order. 

This toiletry bag offers plenty of space for a long holiday. It is sewn from high-quality imitation leather. The inside of this beauty bag is made of coated cotton and is water-repellent. This prevents spilled shower gel/make-up from staying in the bag and leaking out. The side flaps are made of black webbing. The long strap has a press stud so the bag can also be hung up.     

If you prefer to make your own toiletry bag, take a look here:

---------------------------------------------

material & dimensions
	
Body: High quality vegan leather
	Interior: Coated cotton light grey, slip pocket inside.
	Details: Plastic zip in silver 
	Length side strap: Short strap 3 cm, long strap 20 cm
Further details: Inner lining made of water-repellent cotton
Bag: approx. 31 x 16 x 12 cm 
	Weight: 280 gr&quot;.

Here you will also find two-coloured toilet bags:
If these are too big for you, you can also have a look at the smaller ones:

Take a look at my shop and discover more products: https://www.etsy.com/de/shop/RLovelyShop?ref=simple-shop-header-name&listing_id=1154681902","79.00 EUR",new,"in stock",https://localhost/etsy-connector,https://rlovelyshop.etsy.com/pl/listing/1171082691/toiletry-bag-plain?utm_source=fbigshoppingintegrat&utm_medium=api&utm_campaign=api,https://i.etsystatic.com/32077465/r/il/8a8128/3716534479/il_fullxfull.3716534479_tr6s.jpg
1229002084,"Small bag or card holder wallet or card holder purse, accessoire bag, mini wallet, key case, wallet women, small bag vegan leather, r lovely","SUMMER SPECIAL Mini + Midi + Maxi Accessory

The right little bag for your valuables at the beach or swimming pool ğŸ›ï¸ğŸ“±ğŸ”‘.

Choose from:
- MINI accessory - for cards, notes and keys.
- MIDI accessory with wrist chain incl. - for beauty articles, mobile phone, keys, banknotes, cards (mini accessory has room in the midi)
- MAXI accessory with wrist chain incl. - earpods, beauty articles, mobile phone, keys, bank notes, cards (mini accessory has room in maxi) optional with necklace 96 cm silver metal
 
BUNDLE 1: 15% discount on all 3 accessories
BUNDLE 2: 15% discount on all 3 accessories + necklace
-----------------------

PRODUCT INFORMATION:
Handmade

-----------------------

material & dimensions
Body: High Quality Vegan Leather
Interior: Without lining
Details: Plastic zip in silver, wrist chain silver metal
Weight: 100 gr
Bag: 
Mini approx. 13 x 9 cm (WxH)
Midi ca. 18 x 12 cm (WxH)
Maxi approx. 20 x 13 x 4 cm (WxHxD)","13.00 EUR",new,"in stock",https://localhost/etsy-connector,https://rlovelyshop.etsy.com/pl/listing/1229002084/small-bag-or-card-holder-wallet-or-card?utm_source=fbigshoppingintegrat&utm_medium=api&utm_campaign=api,https://i.etsystatic.com/32077465/r/il/f2b7c4/3958764809/il_fullxfull.3958764809_ri9l.jpg
1190896935,"Shoe chain elegant, shoe charms, shoe jewelry, flexible chain, shoes unique, unique chain, gold shoe charms, r lovely, chunky chain","Shoelace chain - Pimp your ShoelacesğŸ‘Ÿâ›“ï¸

Simply thread on the chain links and off you go! 
ğŸ‘‰ğŸ»3 + 3 pieces 
ğŸ‘‰ğŸ»The plug-in chain links can be easily separated from each other. 
ğŸ‘‰ğŸ»If you buy several colours, you can mix them. 

 Content: 
Content: 
ONE COLOUR= 6 pieces of chain links - 9 colours to choose from.
SET COLOURLESS= 30 pieces of chain links - 6 pieces per colour gold, black, metal gun, marmorized brown, marmorized beige
SET COLOURFULL= 30 pieces chain links - 6 pieces per colour pink, turquoise, purple, pink, yellow
SET ALL colours= 60 pieces of chain links - 6 pieces of all 10 colours","15.00 EUR",new,"in stock",https://localhost/etsy-connector,https://rlovelyshop.etsy.com/pl/listing/1190896935/shoe-chain-elegant-shoe-charms-shoe?utm_source=fbigshoppingintegrat&utm_medium=api&utm_campaign=api,https://i.etsystatic.com/32077465/r/il/887232/3714761746/il_fullxfull.3714761746_m2n8.jpg
1154677834,"Basic chain small","&quot;The base chain&quot; 

bag chain / necklace / glasses chain / cell phone chain 

You choose your base in 2 lengths and 6 colors. 

With the help of the carabiner rings, the 53 cm long chain can be worn as a short necklace as well as arbitrarily as a short handle and pimp your evening bag. The 80 cm version can be used both as a long necklace and as a shoulder chain for a small bag. 

You can shorten the length of the chain as you wish. The chains consist of links that separate from each other by pressing on the last link of the chain. 


53 cm chain length - 40 links in the color of your choice 
80 cm chain length - 64 links in the color of your choice 

The small carabiner can be released with a careful but sweeping tug.

The carabiner is gold/silver/or metal pistol depending on the chain color. 

Color of the carabiner: 
chain in cream / light blue = 2 x gold 
chain in pink / mint green / pink / light yellow = 2 x silver 
chain in purple = 2 x metal gun 

... and with the ADDITIONAL SET, which contains 7 - 14 more parts in each of the 6 colors, your basic chain becomes aaall you want: https://www.etsy.com/de/listing/1154681902/zusatzkettenglieder-farbe-auswahlbar click_key=16e9b23ae6aa894460f50d8e6684c89687f229ca%3A1154681902&click_sum=d3d3a494&ref=shop_home_active_1

Take a look at my shop and discover more products: https://www.etsy.com/de/shop/RLovelyShop?ref=simple-shop-header-name&listing_id=1154681902","29.00 EUR",new,"in stock",https://localhost/etsy-connector,https://rlovelyshop.etsy.com/pl/listing/1154677834/basic-chain-small?utm_source=fbigshoppingintegrat&utm_medium=api&utm_campaign=api,https://i.etsystatic.com/32077465/r/il/1c925f/3662294702/il_fullxfull.3662294702_33kf.jpg
1210069600,"Mini wallet or card holder purse, small accessoire bag, mini wallet vegan, key case, wallet women, small bag vegan leather, r lovely","Mini accessory for money, cards and keysğŸ”‘ğŸ›ï¸ğŸ“±

----------------------

PRODUCT INFORMATION:
ğŸ‘ğŸ½Handmade

--------------------

material & dimensions
Body: High Quality Vegan Leather
Interior: Without lining
Details: Plastic zip in silver with neon yellow detail
Weight: 100 gr
Bag: approx. 13 x 9 cm (WxH)","19.00 EUR",new,"in stock",https://localhost/etsy-connector,https://rlovelyshop.etsy.com/pl/listing/1210069600/mini-wallet-or-card-holder-purse-small?utm_source=fbigshoppingintegrat&utm_medium=api&utm_campaign=api,https://i.etsystatic.com/32077465/r/il/fbc5b7/3842548446/il_fullxfull.3842548446_2zwd.jpg
1166146077,"Pencil case","Pencil cases in different colors in which you can pack your writing materials. 
Sewn from high-quality imitation leather.

The tabs on the sides make it easy to open and close the pencil case and are a colorful detail. 
The pencil case is not lined and is very light. 

Various color combinations.

PRODUCT INFORMATION: 
Handmade

MATERIAL & SIZES 
Body: High Quality Vegan Leather 
Interior: Without lining 
Details: Plastic zip in silver 
Weight: 115 gr 
Bag: approx. 18 x 3.5 x 4 cm (WxHxD).","39.00 EUR",new,"in stock",https://localhost/etsy-connector,https://rlovelyshop.etsy.com/pl/listing/1166146077/pencil-case?utm_source=fbigshoppingintegrat&utm_medium=api&utm_campaign=api,https://i.etsystatic.com/32077465/r/il/185c7a/3619521364/il_fullxfull.3619521364_bamt.jpg
1225214422,"care and cleaning imitation leather, care set for bag","Professional care and cleaning for imitation leather with orange peel extract.

Delivery content is a spray bottle of 80 ml.

The R.lovely.bag is made of high quality imitation leather for sustainability reasons and is very easy to clean. Dirt can be easily removed with a special imitation leather cleaner. Normal dirt dissolves with regular cleaning by spraying and wiping away. The colors and the coating remain so top. For coarser soiling, the cleaner is sprayed on and, after five minutes of exposure, massaged out with a soft brush and wiped off with a damp cloth. Cleaning with a mild soap solution is also possible. Please never clean imitation leather with harsh cleaning agents. The dirt is well removed with it, however, the protective layer also. TIP: Ballpoint pen is best removed IMMEDIATELY with hairspray. Spray on, wipe off, wipe with water and leatherette cleaner. Dried up Kulli can no longer be removed.","8.50 EUR",new,"in stock",https://localhost/etsy-connector,https://rlovelyshop.etsy.com/pl/listing/1225214422/care-and-cleaning-imitation-leather-care?utm_source=fbigshoppingintegrat&utm_medium=api&utm_campaign=api,https://i.etsystatic.com/32077465/r/il/c337d8/3896462108/il_fullxfull.3896462108_5o0u.jpg
1220271456,"Small bag with neon spots, crossbody bag, clutch bag, customize rlovely, pochette","MODEL &quot;Jeannie easy peasy&quot; Symmetric bronze with neon spots selectable in - pink - yellow - green - orange 
Back of the bag Snake black

The bag is a medium size shoulder bag with different colored sides. It is soft and flexible, the shoulder chain is thin and black (96cm length). This bag is handmade! The spots are applied by hand!

The bag is available in other variants: 
- UP (reinforced, sturdy)
- leather insert with matching spots and side chains in metal gun (length 96 cm)
- with short thick acrylic chain in the color of your choice and removable by the snap rings
- with matching mini accessory


-------------------------------------------------

material & dimensions
	
Body: High Quality Vegan Leather
Interior: black lined
Zippers and metal details metal gun
Bag: approx. 28 x 19 cm (WxH)
	weight: ca. 150 gr. - 250 gr.

----------------------------------------------------


You are creative and want to design your own bag? Then use the ONLINE Atelier. I will make your CUSTOM.BAG according to your design wishes. 

Have a look at my store and discover more products: https://www.etsy.com/de/shop/RLovelyShop","99.00 EUR",new,"in stock",https://localhost/etsy-connector,https://rlovelyshop.etsy.com/pl/listing/1220271456/small-bag-with-neon-spots-crossbody-bag?utm_source=fbigshoppingintegrat&utm_medium=api&utm_campaign=api,https://i.etsystatic.com/32077465/r/il/20bc65/3878439964/il_fullxfull.3878439964_ltrq.jpg
1149190820,"Bracelet elegant","The bracelet consists of 8 links with snap rings in gold, silver or metal gun. 

Colour of the snap rings: 

- Chain in black / metal gun / marbled brown = 1 x snap rings metal gun - diameter 25 mm 
- Chain in gold = 2 x snap rings gold diameter 22 mm 

Chain links in matt plastic 
Snap rings in nickel-free aluminium

To make your bracelet even more individual, you can add an additional set in another colour: https://www.etsy.com/de/listing/1132939524/zusatzkettenglieder-farbe-auswahlbar

Have a look at my shop and discover more products: https://www.etsy.com/de/shop/RLovelyShop?ref=simple-shop-header-name&listing_id=1154681902","25.00 EUR",new,"in stock",https://localhost/etsy-connector,https://rlovelyshop.etsy.com/pl/listing/1149190820/bracelet-elegant?utm_source=fbigshoppingintegrat&utm_medium=api&utm_campaign=api,https://i.etsystatic.com/32077465/r/il/ee8e3d/3708260003/il_fullxfull.3708260003_9507.jpg
1197710907,"Bracelet colourful","The bracelet consists of 8 links with a snap ring in gold, silver or metal gun

Chain Pink / Turquoise / Purple / Pink / Yellow with 1 x snap ring Silver - Diameter 25 mm 

Chain links made of matt plastic 
Snap rings made of nickel-free aluminium.

To make your bracelet even more individual, you can add an additional set in another colour: https://www.etsy.com/de/listing/1132939524/zusatzkettenglieder-farbe-auswahlbar

Have a look at my shop and discover more products: https://www.etsy.com/de/shop/RLovelyShop?ref=simple-shop-header-name&listing_id=1154681902","22.00 EUR",new,"in stock",https://localhost/etsy-connector,https://rlovelyshop.etsy.com/pl/listing/1197710907/bracelet-colourful?utm_source=fbigshoppingintegrat&utm_medium=api&utm_campaign=api,https://i.etsystatic.com/32077465/r/il/8e5d36/3741534932/il_fullxfull.3741534932_9djo.jpg
1224039783,"Small card holder wallet or card holder purse neon, accessoire bag, mini wallet, key case, wallet women, small bag vegan leather, r lovely","Midi accessory for beauty articles, mobile phone, money, cards and keys ğŸ›ï¸ğŸ“±ğŸ”‘
-----------------------

PRODUCT INFORMATION:
Handmade

-----------------------

material & dimensions
Body: High Quality Vegan Leather
Interior: Without lining
Details: Plastic zip in silver with neon yellow details
Weight: 100 gr
Bag: approx. 18 x 12 cm (WxH)","29.00 EUR",new,"in stock",https://localhost/etsy-connector,https://rlovelyshop.etsy.com/pl/listing/1224039783/small-card-holder-wallet-or-card-holder?utm_source=fbigshoppingintegrat&utm_medium=api&utm_campaign=api,https://i.etsystatic.com/32077465/r/il/cfb7fa/3842669544/il_fullxfull.3842669544_p2fc.jpg
1210058676,"Small card holder wallet or card holder purse, accessoire bag, mini wallet, key case, wallet women, small bag vegan leather, r lovely","Midi accessory for beauty articles, mobile phone, money, cards and keys ğŸ›ï¸ğŸ“±ğŸ”‘
-----------------------

PRODUCT INFORMATION:
Handmade

-----------------------

material & dimensions
Body: High Quality Vegan Leather
Interior: Without lining
Details: Plastic zip in silver with neon yellow details
Weight: 100 gr
Bag: approx. 18 x 12 cm (WxH)","29.00 EUR",new,"in stock",https://localhost/etsy-connector,https://rlovelyshop.etsy.com/pl/listing/1210058676/small-card-holder-wallet-or-card-holder?utm_source=fbigshoppingintegrat&utm_medium=api&utm_campaign=api,https://i.etsystatic.com/32077465/r/il/b1ffbf/3842497580/il_fullxfull.3842497580_tqpn.jpg
1146872759,"The 3-piece additional set: Elegant - or colourful chain links","The 3-piece additional set: Elegant - or colourful chain links

First, choose whether you want the elegant or the colourful additional chain links. You can then combine them with your basic chain and change it creatively.

ELEGANT: 
3 pieces x 4 colours - 12 pieces plug-in links.
Colours: Gold, Black, Metal Gun, Marmorized Brown

COLOURFUL: 
3 pieces x 5 colours - 15 pieces of links
Colours: pink, turquoise, purple, pink, pastel yellow

The additional set contains 3 pieces of the 4 colours or 3 pieces of the 5 colours. 

With this set, you can make your basic chain as unique as you like. 

Feel free to get more snap rings so that your second bracelet or necklace can be in any colour!","19.00 EUR",new,"in stock",https://localhost/etsy-connector,https://rlovelyshop.etsy.com/pl/listing/1146872759/the-3-piece-additional-set-elegant-or?utm_source=fbigshoppingintegrat&utm_medium=api&utm_campaign=api,https://i.etsystatic.com/32077465/r/il/70fa4f/3598836829/il_fullxfull.3598836829_ki61.jpg
1215221951,"Shoe charms or shoe chain, shoe jewelry, flexible chain, shoes unique, unique chain, gold shoe charms, r lovely, chunky chain","Shoelace chain - Pimp your ShoelacesğŸ‘Ÿâ›“ï¸

Simply thread on the chain links and off you go! 
ğŸ‘‰ğŸ»3 + 3 pieces 
ğŸ‘‰ğŸ»The plug-in chain links can be easily separated from each other. 
ğŸ‘‰ğŸ»If you buy several colours, you can mix them. 

 Content: 
Content: 
ONE COLOUR= 6 pieces of chain links - 9 colours to choose from.
SET COLOURLESS= 30 pieces of chain links - 6 pieces per colour gold, black, metal gun, marmorized brown, marmorized beige
SET COLOURFULL= 30 pieces chain links - 6 pieces per colour pink, turquoise, purple, pink, yellow
SET ALL colours= 60 pieces of chain links - 6 pieces of all 10 colours","15.00 EUR",new,"in stock",https://localhost/etsy-connector,https://rlovelyshop.etsy.com/pl/listing/1215221951/shoe-charms-or-shoe-chain-shoe-jewelry?utm_source=fbigshoppingintegrat&utm_medium=api&utm_campaign=api,https://i.etsystatic.com/32077465/r/il/e13097/3808170342/il_fullxfull.3808170342_irp6.jpg
1181507608,"Mini wallet or card holder purse, small accessoire bag, mini wallet vegan, key case, wallet women, small bag vegan leather, r lovely","Midi accessory for beauty articles, mobile phone, money, cards and keysğŸ›ï¸ğŸ“±ğŸ”‘
+ place for the dog waste bags selectable
--------------------

PRODUCT INFORMATION:
ğŸ‘ğŸ½Handmade

-------------------

MATERIAL & DIMENSIONS
Body: High Quality Vegan Leather
Interior: Without lining
Details: Plastic zip in silver
Weight: 100 gr
Bag: approx. 18 x 12 cm (WxH)","25.00 EUR",new,"in stock",https://localhost/etsy-connector,https://rlovelyshop.etsy.com/pl/listing/1181507608/mini-wallet-or-card-holder-purse-small?utm_source=fbigshoppingintegrat&utm_medium=api&utm_campaign=api,https://i.etsystatic.com/32077465/r/il/7b1426/3780075589/il_fullxfull.3780075589_gnjb.jpg
1144852101,"Eyeglass chain - aluminium chain in gold, silver, metallic gun and rosÃ© ","Aluminium chain for glasses

The glasses chain is 60 cm long and very light. 
It is made of aluminium and is available in 4 different colours: Metal Gun midi, Silver fine, Gold midi and RosÃ¨ fine. 

The loops for the temples are made of transparent plastic and fit every temple.","25.00 EUR",new,"in stock",https://localhost/etsy-connector,https://rlovelyshop.etsy.com/pl/listing/1144852101/eyeglass-chain-aluminium-chain-in-gold?utm_source=fbigshoppingintegrat&utm_medium=api&utm_campaign=api,https://i.etsystatic.com/32077465/r/il/a81f43/3590857514/il_fullxfull.3590857514_kiit.jpg
1144849493,"Glasses chain - Small colourful sweets","Small colourful candy necklace with aluminium chain.

The glasses chain is 60 cm long. 
It consists of 24 pieces (40cm) of chain links and 10 cm of fine chain on each side. 
The loops for the spectacle temples are made of transparent plastic and fit any spectacle temple. 

------------------------------------------------------------

Candy chain without aluminium chain

The glasses chain is 60 cm long. 
It consists of 36 chain links. 
The loops for the temples are again made of transparent plastic and fit every temple. 

The colours purple and cream are available for these glasses chains.","29.00 EUR",new,"in stock",https://localhost/etsy-connector,https://rlovelyshop.etsy.com/pl/listing/1144849493/glasses-chain-small-colourful-sweets?utm_source=fbigshoppingintegrat&utm_medium=api&utm_campaign=api,https://i.etsystatic.com/32077465/r/il/231405/3662299924/il_fullxfull.3662299924_o332.jpg
1143321127,"Elegant glasses chain","Glasses necklace with aluminium chain: 

The glasses chain is 60 cm long. It consists of 14 pieces (40cm) of chain links and 10 cm of fine chain on each side. The loops for the temples are made of transparent plastic and fit any spectacle temple. 

-----------------------------------------------

Chain without aluminium chain: 

The eyeglass chain is 60 cm long and consists of 25 pieces of chain links in marbled brown. 
The loops for the temples are made of transparent plastic and fit every temple.","39.00 EUR",new,"in stock",https://localhost/etsy-connector,https://rlovelyshop.etsy.com/pl/listing/1143321127/elegant-glasses-chain?utm_source=fbigshoppingintegrat&utm_medium=api&utm_campaign=api,https://i.etsystatic.com/32077465/r/il/74d6fb/3662300844/il_fullxfull.3662300844_pts6.jpg
1136212099,"Shoe chain coloured, shoe jewelry, shoe charms, chunky charm and chain, chain unique, accessories, chunky chain, r lovely","The shoe chain can be attached to any shoe and is currently the IT PIECE par excellence.
The length of the chain is 39 cm, but it is completely customisable and even fits around your thick, cosy Uggs!

Chain length: 39cm, 15 chain links each including two silver, metal gun or gold rings
Colours: pink, turquoise, pink, purple and pastel yellow

Material:
The rings are made of nickel-free aluminium
The chain links are made of plastic

------------------------------------------------------------------

The chain consists of links that can be inserted into and removed from each other with a little pressure. You can easily adjust the length of the chain to fit any of your shoes. ... high sneakers ... with pumps around the ankles ... go for the winter boots! 
The two ends of the chain are each fitted with a snap ring. But you can also close the shoe chain without the snap ring and put the links directly into each other. 


If you want to give your shoe chains an extra kick, get the additional set of &quot;little colourful rings&quot; and add these too! 
Too much? No!","45.00 EUR",new,"in stock",https://localhost/etsy-connector,https://rlovelyshop.etsy.com/pl/listing/1136212099/shoe-chain-coloured-shoe-jewelry-shoe?utm_source=fbigshoppingintegrat&utm_medium=api&utm_campaign=api,https://i.etsystatic.com/32077465/r/il/6adff4/3568785359/il_fullxfull.3568785359_efcj.jpg
1196612610,"bag strap, shoulder bag chain or crossbody chain, adjustable bag strap, bag accessoires, bag handbag chain, crossbody chain, rlovely","Bag strap as shoulder chain or crossbordy chain

2 lengths available:
80cm: 33 links of your choice, perfect as shoulder chain on your bag
107cm: 45 links of your choice, perfect as a long necklace on your bag

Available in the following colours:
ğŸ‘‰ğŸ»Gold
ğŸ‘‰ğŸ»Silver
ğŸ‘‰ğŸ»Metal gun
ğŸ‘‰ğŸ»Marbled brown
ğŸ‘‰ğŸ»Pink
ğŸ‘‰ğŸ»Turquoise
ğŸ‘‰ğŸ»Purple
ğŸ‘‰ğŸ»Pink
ğŸ‘‰ğŸ»Yellow

------------------------------

2 pieces snap rings:
The snap rings open by a spring and can be hooked and unhooked anywhere and are available in 3 colours.   

2 pieces carabiner rings                      
The snap rings are easy to open and close and are available in 3 colours.

When ordering, please tell me which colour and which rings (snap rings or carabiner rings) you would like to have.

Material snap rings and carabiners: nickel-free aluminium.","25.00 EUR",new,"in stock",https://localhost/etsy-connector,https://rlovelyshop.etsy.com/pl/listing/1196612610/bag-strap-shoulder-bag-chain-or?utm_source=fbigshoppingintegrat&utm_medium=api&utm_campaign=api,https://i.etsystatic.com/32077465/r/il/a2de73/3838135093/il_fullxfull.3838135093_c9hv.jpg
1209780017,"Bag strap, adjustable for bag, accessories, purse strap, bag chain, crossbody chain, cross body bag strap, purse strap, r lovely","Bag strap as shoulder chain or crossbody chain

2 lengths available:
80cm: 33 links of your choice, perfect as shoulder chain on your bag
107cm: 45 links of your choice, perfect as a long necklace on your bag

Available in the following colours:
ğŸ‘‰ğŸ»Gold
ğŸ‘‰ğŸ»Silver
ğŸ‘‰ğŸ»Metal gun
ğŸ‘‰ğŸ»Marbled brown
ğŸ‘‰ğŸ»Pink
ğŸ‘‰ğŸ»Turquoise
ğŸ‘‰ğŸ»Purple
ğŸ‘‰ğŸ»Pink
ğŸ‘‰ğŸ»Yellow

------------------------------

2 pieces snap rings:
The snap rings open by a spring and can be hooked and unhooked anywhere and are available in 3 colours.   

2 pieces carabiner rings                      
The snap rings are easy to open and close and are available in 3 colours.

When ordering, please tell me which colour and which rings (snap rings or carabiner rings) you would like to have.

Material snap rings and carabiners: nickel-free aluminium.","25.00 EUR",new,"in stock",https://localhost/etsy-connector,https://rlovelyshop.etsy.com/pl/listing/1209780017/bag-strap-adjustable-for-bag-accessories?utm_source=fbigshoppingintegrat&utm_medium=api&utm_campaign=api,https://i.etsystatic.com/32077465/r/il/e00466/3838241389/il_fullxfull.3838241389_5vmu.jpg
1195818602,"Bag strap, adjustable for bag, accessories, purse strap, bag chain, crossbody chain, cross body bag strap, purse strap, r lovely","Bag strap as shoulder chain or neck chain

2 lengths available:
80cm: 33 links of your choice, perfect as shoulder chain on your bag
107cm: 45 links of your choice, perfect as a long necklace on your bag

Available in the following colours:
ğŸ‘‰ğŸ»Gold
ğŸ‘‰ğŸ»Silver
ğŸ‘‰ğŸ»Metal gun
ğŸ‘‰ğŸ»Marbled brown
ğŸ‘‰ğŸ»Pink
ğŸ‘‰ğŸ»Turquoise
ğŸ‘‰ğŸ»Purple
ğŸ‘‰ğŸ»Pink
ğŸ‘‰ğŸ»Yellow

------------------------------

2 pieces snap rings:
The snap rings open by a spring and can be hooked and unhooked anywhere and are available in 3 colours.   

2 pieces carabiner rings                      
The snap rings are easy to open and close and are available in 3 colours.

When ordering, please tell me which colour and which rings (snap rings or carabiner rings) you would like to have.

Material snap rings and carabiners: nickel-free aluminium.","25.00 EUR",new,"in stock",https://localhost/etsy-connector,https://rlovelyshop.etsy.com/pl/listing/1195818602/bag-strap-adjustable-for-bag-accessories?utm_source=fbigshoppingintegrat&utm_medium=api&utm_campaign=api,https://i.etsystatic.com/32077465/r/il/d5023a/3790680294/il_fullxfull.3790680294_sfc2.jpg
1146861719,"Snap rings for chain, carabiner, gold snap ring, gold ring, chain ring, ring for bag, gold ring for chain, small carabiner for bag, rlovely","Snap rings / carabiner

The snap rings can be attached and detached at will and can turn the pocket chain into a necklace or the necklace into 2 bracelets. 
The snap rings made of nickel-free aluminium are available in gold / silver and metal gun. 

                                                                                                    
Snap ring silver + Metal Gun:  
Diameter: 2.5 cm, 
Weight: 2pcs. 18 gr. 

Snap ring gold: 
Diameter: 2 cm 
Weight: 2 pcs. 14 gr.   

Small carabiner gold, silver, metal gun
Length: 3,5 cm x width 1,2 cm
Weight 2pcs: 9 gr","7.50 EUR",new,"in stock",https://localhost/etsy-connector,https://rlovelyshop.etsy.com/pl/listing/1146861719/snap-rings-for-chain-carabiner-gold-snap?utm_source=fbigshoppingintegrat&utm_medium=api&utm_campaign=api,https://i.etsystatic.com/32077465/r/il/2a93fa/3599124861/il_fullxfull.3599124861_kz54.jpg
1132939524,"Additional chain links - colour selectable","Choose the colour yourself and you will always receive 3 links. 

Example: If you choose gold and pink, you will receive 3 pieces in gold and 3 pieces in pink. 


With this set you have many possibilities to change your basic necklace. 
Make your basic chain unique!
Feel free to get more snap rings so that your second bracelet or necklace can be in any colour!","7.50 EUR",new,"in stock",https://localhost/etsy-connector,https://rlovelyshop.etsy.com/pl/listing/1132939524/additional-chain-links-colour-selectable?utm_source=fbigshoppingintegrat&utm_medium=api&utm_campaign=api,https://i.etsystatic.com/32077465/r/il/d26f5b/3716535503/il_fullxfull.3716535503_stf9.jpg
1162064244,"Accessory or small bag with peace sign, selfmade, crossbody bag, clutch bag, customise rlovely, make up bag or cosmetic bag, pochette","&quot;MODEL &quot;Jeannie PEACE&quot; Accessories and/or optional small shoulder bag.

This PRE ORDER unique piece is handmade by me according to your order. Production time approx. 2 - 5 weeks. The standard zip is silver. Please let me know if you prefer the zip in gold or metal gun. 

The accessory &quot;Jeannie&quot; is available in 2 sizes. It is suitable as a larger accessory/make-up bag or as a small cosmetic bag.

With the side flaps, you can also quickly turn &quot;Jeannie&quot; into a shoulder bag. Of course you can also get these options from me.
- Attach the snap rings:
- attach the acrylic chain to spice it up:
- attach an additional chain: 

----------------------------------------------

Material & dimensions
	
Body: High quality vegan leather
	Inside: Unlined
	Zips and metal details available in silver & gold & metal gun

 Details: &quot;Jeannie&quot; can be worn as a simple accessory or as a bag with the optional accessories.
Snap hook optional - Necklace optional - Short acrylic chain optional 
Bag: Size &quot;Small&quot; approx. 26 x 15 x 3  
Size &quot;Medium&quot; approx. 29 x 17 x 4 cm (WxHxD)
	Weight: 150 gr. &quot;","59.00 EUR",new,"in stock",https://localhost/etsy-connector,https://rlovelyshop.etsy.com/pl/listing/1162064244/accessory-or-small-bag-with-peace-sign?utm_source=fbigshoppingintegrat&utm_medium=api&utm_campaign=api,https://i.etsystatic.com/32077465/r/il/5a233a/3710000335/il_fullxfull.3710000335_2hwo.jpg
1126997902,"Shoe chain elegant, shoe charms, shoe jewelry, flexible chain, shoes unique, unique chain, gold shoe charms, r lovely, chunky chain","The shoe chain can be attached to any shoe and is currently the IT PIECE par excellence.

The chain has a length of 39 cm, but can be individually adjusted and even fits around a cosy Ugg.

15 pieces of chain links incl. silver, metal gun or two gold rings.
rings: Nickel plated aluminium
Chain links: plastic

The chains are made of plug-in links that can be inserted into and removed from each other with a little pressure. So you can adjust the length of the chain to fit any of your shoes. ... high sneakers ... with pumps around the ankles ... go for the winter boots! 

The chains are equipped by a snap ring. But you can also close the shoe chain without the snap ring and put the links directly into each other. 

Chain length 39 cm = 15 chain links including one silver, metal gun or two gold rings.

If you want to give your shoe chains an extra kick, get the additional set of &quot;little colourful rings&quot; and add them too!","49.00 EUR",new,"in stock",https://localhost/etsy-connector,https://rlovelyshop.etsy.com/pl/listing/1126997902/shoe-chain-elegant-shoe-charms-shoe?utm_source=fbigshoppingintegrat&utm_medium=api&utm_campaign=api,https://i.etsystatic.com/32077465/r/il/2d0dcf/3535478536/il_fullxfull.3535478536_kbua.jpg
1185027434,"Mini wallet or card holder purse, small accessoire bag, mini wallet vegan, key case, wallet women, small bag vegan leather, r lovely","Midi accessory for beauty articles, mobile phone, money, cards and keysğŸ›ï¸ğŸ“±ğŸ”‘
+ place for the dog waste bags selectable
--------------------

PRODUCT INFORMATION:
ğŸ‘ğŸ½Handmade

-------------------

MATERIAL & DIMENSIONS
Body: High Quality Vegan Leather
Interior: Without lining
Details: Plastic zip in silver
Weight: 100 gr
Bag: approx. 18 x 12 cm (WxH)","25.00 EUR",new,"in stock",https://localhost/etsy-connector,https://rlovelyshop.etsy.com/pl/listing/1185027434/mini-wallet-or-card-holder-purse-small?utm_source=fbigshoppingintegrat&utm_medium=api&utm_campaign=api,https://i.etsystatic.com/32077465/r/il/4a03ab/3746608100/il_fullxfull.3746608100_aklx.jpg
1183741386,"Hairband for ponytail, hair accessories, headband gold or silver, wedding headband, hair decoration, r lovely, link chain, headdress","&quot;HAIRCHAIN&quot; hair band - ponytail ğŸ’–ğŸ’›ğŸ’œğŸ–¤ğŸ¤

PRODUCT INFORMATION:
Hairband - Ponytail Chignon
The chain made of high quality acrylic is a plug-in system. This allows you to separate or interlock the chain links and adjust them exactly to your desired length. The standard hair band is attached to the snap rings, which are available in silver, gold and metal gun. This makes the &quot;HAIRCHAIN&quot; elastic and therefore comfortable. If you want to put the chain around your high ponytail, chignon or chignon, shorten the chain and put the ends directly into each other without the snap ring.

When you don&#39;t need the chain for your hair, wear it as a necklace, bracelet or short handle for your bag. Tada! A chain for all occasions!

Material & Dimensions
Chain: 100% acrylic acetate
Length incl. snap hook: 53 cm= 22 chain pieces
2 snap rings: Nickel-free aluminium
1 standard hair elastic","35.00 EUR",new,"in stock",https://localhost/etsy-connector,https://rlovelyshop.etsy.com/pl/listing/1183741386/hairband-for-ponytail-hair-accessories?utm_source=fbigshoppingintegrat&utm_medium=api&utm_campaign=api,https://i.etsystatic.com/32077465/r/il/706e85/3741473470/il_fullxfull.3741473470_vtit.jpg
1191650706,"Large link chain, necklace and bracelet, Mothers day, bracelet and necklace for women, chunky chain, personalized chain, rlovely","Necklace and bracelet as a bundle

Colors:
- pink
- turquoise
- Lila
- bright pink
- yellow

The chains can be flexibly adjusted by the snap rings: 
the chains are made of plug links, which can be easily inserted into each other. 

------------------------------


Necklace: 53 cm chain length - 23 pieces of links of your choice color
Bracelet: 


The snap rings made of nickel-free aluminum are attached depending on the chain color in gold / silver / or metal gun

------------------------------

If you want to be tone-on-tone, get the matching earrings here too:","64.00 EUR",new,"in stock",https://localhost/etsy-connector,https://rlovelyshop.etsy.com/pl/listing/1191650706/large-link-chain-necklace-and-bracelet?utm_source=fbigshoppingintegrat&utm_medium=api&utm_campaign=api,https://i.etsystatic.com/32077465/r/il/c90078/3771809792/il_fullxfull.3771809792_kkbi.jpg
1191434316,"statement necklace and bracelet, large link chain, bracelet and necklace for women, chunky chain, custom chain, gift for girlfriend, rlovely","Necklace and bracelet as a bundle

Colors:
- pink
- turquoise
- Lila
- bright pink
- yellow

The chains can be flexibly adjusted by the snap rings: 
the chains are made of plug links, which can be easily inserted into each other. 

------------------------------


Necklace: 53 cm chain length - 23 pieces of links of your choice color
Bracelet: 


The snap rings made of nickel-free aluminum are attached depending on the chain color in gold / silver / or metal gun

------------------------------

If you want to be tone-on-tone, get the matching earrings here too:","64.00 EUR",new,"in stock",https://localhost/etsy-connector,https://rlovelyshop.etsy.com/pl/listing/1191434316/statement-necklace-and-bracelet-large?utm_source=fbigshoppingintegrat&utm_medium=api&utm_campaign=api,https://i.etsystatic.com/32077465/r/il/23a942/3770936056/il_fullxfull.3770936056_2exx.jpg
1114668012,"Purse brown women vegan leather, wallet personalized, cross body purse, coin purse, gift for her, portemonnaie, rlovely","Wallet & organised Microbag purse

COLOUR COMBINATION
OUTSIDE: Python brown
INSIDE: Warm gold
INSIDE: Snakeprint gold
DETAILS: Leather strap in bronze with black press stud, screwed rivets gold-colored

PRODUCT INFORMATION:
This unique piece is handmade.
The wallet has ten card slots, two zipped compartments on the sides and two slip pockets inside. The zipped compartments have space for coins and/or the passport and cards that are not in daily use. The two large slip-in compartments inside are suitable for banknotes and the smartphone max. height 16.5 cm. 
There are 2 D-rings on the sides. The wrist chain with carabiner (included) can be attached to these. 

Optional: A long necklace &quot;CHAIN&gt;&gt;&gt;&quot; turns your wallet into an organized microbag.

--------------------------------------------------

MATERIAL AND DIMENSIONS	
Body: High Quality Vegan Leather
Details: Genuine leather strap with metal snap, plastic zips and metal details in silver, wrist chain with gold carabiner
Tough Details: Optional shoulder chain
Bag: approx. to 18 x 10,5 cm / open 18 x 23 cm (HxW)
Compartment depth: 8,5 cm
Compartment height: 16 cm

Zip opening H 15 cm
Weight: 150g","209.00 EUR",new,"in stock",https://localhost/etsy-connector,https://rlovelyshop.etsy.com/pl/listing/1114668012/purse-brown-women-vegan-leather-wallet?utm_source=fbigshoppingintegrat&utm_medium=api&utm_campaign=api,https://i.etsystatic.com/32077465/r/il/a48131/3543668015/il_fullxfull.3543668015_ftjg.jpg
1128605641,"Shopping bag or backpack women, crossbody bag, backpack silver, shopper bag, handbag women, backpack purse black, rlovely, vegan backpack","MODEL &quot;ELIANA&quot; 2IN1 BACKPACK & PURSE ğŸ’ğŸ‘œ

The plastic chain on the sides can be selected in the following colors as desired:
ğŸ‘‰ğŸ»big verde muffa (see pictures above).
ğŸ‘‰ğŸ»Pink
ğŸ‘‰ğŸ»Pink
ğŸ‘‰ğŸ»Purple
ğŸ‘‰ğŸ»Turquoise
ğŸ‘‰ğŸ»Gold
ğŸ‘‰ğŸ»Metal gun
ğŸ‘‰ğŸ»Black
Also happy to mix, just let me know in the personalization requestsğŸ’–ğŸ’œğŸ–¤

-----------------------------------------------------

Colour combination size

Bottom part: Harrison grey    
Front: Flitter grey      
Back: Flitter grey with &quot;G.Point&quot; eyelet that can be backed with a different colour from the inside. Please let me know your favourite colour when ordering.  
Handle: Genuine leather strap in black. On the sides of the leather straps are fat detachable acrylic chains in pastel green. These can be removed at will using the snap rings. 
Tough Detail: Key finder strap

PRODUCT INFORMATION:
One bag with two functions and two different looks. 
Shoulder bag & Backpack function & Doubleface

This unique piece is handmade. 
The model &quot;ELIANA&quot; 2in1Backpack Purse, is characterised by its enormous flexibility. It is ideally suited for everyday madness, because the two carrying options combine chic - trendy - sporty. The different coloured sides let you play with the look. The entire bottom part is reinforced with an insert. The bottom is completely reinforced with a PVC plate and bottom nails, so that it will gladly STAND by your side.
2IN1 FUNCTION: By pulling on both side straps, &quot;ELIANA&quot; transforms from an elegant shoulder bag to a sporty backpack. The upper part of the bag folds up. It is not possible to open the zip in this carrying version and it can be carried on the back without worrying, even in the crowds of the underground. To carry it on your shoulder again, you hold the straps on the upper part loosely in your hand, give the bag a jerk and the weight of your contents causes the handles to slide upwards. Tough detail: key finder strap made of matching genuine leather. The strap hangs from the D-ring inside the bag. The carabiners at both ends make it flexible and quick to use - keys can be hung from it at will and the entire lanyard can be removed. Due to the length of the lanyard, it does not always have to be removed to unlock the bag. Together with the keys, it reaches the door lock and can slide back into place. I love knowing EXACTLY where my keys are.

---------------------------------------------------

material & dimensions
Body: High Quality Vegan Leather, Lower part of the bag and bottom reinforced.
Handle: genuine leather strap, acrylic chain.
Interior:  Zipped compartment, black cotton lining. 
Details: Zip and metal details in silver

Bag: 
Size Mini approx. 38 x 36 x 11 cm (HxWxD).
Weight: 750 gr approx.

----------------------------------------------------

Are you creative and want to design your own bag? Then take advantage of the CUSTOM.BAG offer and style your own bag!
Just drop me a line here on Etsy or Instagram (@r.lovely.bag) and I&#39;ll explain the details!

Have a look at my shop and discover more products: https://www.etsy.com/de/shop/RLovelyShop?ref=simple-shop-header-name&listing_id=1154681902","320.00 EUR",new,"in stock",https://localhost/etsy-connector,https://rlovelyshop.etsy.com/pl/listing/1128605641/shopping-bag-or-backpack-women-crossbody?utm_source=fbigshoppingintegrat&utm_medium=api&utm_campaign=api,https://i.etsystatic.com/32077465/r/il/f2ee13/3870594576/il_fullxfull.3870594576_s2jn.jpg
1128587699,"Cross body bag women or shoulder bag, clutch bag, rosa small handbag, handbag for girls, rlovely, chain pouchette ","Model &quot;ALLY 1.0 UP - Shoulder bag 

COLOUR COMBINATION

FRONT: Burnt Henna Python with real leather fringes in pink. Silver chain attached with rivets
BACK: Burnt Henna made of 3 pieces
HANDLE: Removable shoulder strap made of silver chain with 3 cm wide genuine leather strap insert. The genuine leather strap has been hand dyed in pinkish rose.                    

PRODUCT INFORMATION:
This unique piece is handmade. &quot;ALLY 1.0 UP&quot; is a medium-sized shoulder bag and is perfect for small everyday use.  &quot;Ally 1.0 UP&quot; is reinforced & slightly stiff. Due to its sturdiness, it can be carried quite smartly in the hand with a short handle or without a shoulder strap chain.  The front and back of the bag are in different colours. This gives you a bag with 2 looks! 

------------------------------------

Material & Dimensions

	Body: High Quality Vegan Leather 
	Interior: Zip compartment, Lining black cotton
	Zip & Handles & Details: Plastic zip, silver carabiner rings, shoulder strap approx. 107 cm made of aluminium chain and genuine leather strap insert. 
	Bag: ca. 23 x 31 x 4 cm (HxWxD)
	Weight: 420 gr

Midi accessory: 18 x 12 cm (HxW)

------------------------------------

Are you creative and want to design your own bag? Then take advantage of the CUSTOM.BAG offer and style your own bag!
Just drop me a line here on Etsy or Instagram (@r.lovely.bag) and I&#39;ll explain the details!

Have a look at my shop and discover more products: https://www.etsy.com/de/shop/RLovelyShop?ref=simple-shop-header-name&listing_id=1154681902","189.00 EUR",new,"in stock",https://localhost/etsy-connector,https://rlovelyshop.etsy.com/pl/listing/1128587699/cross-body-bag-women-or-shoulder-bag?utm_source=fbigshoppingintegrat&utm_medium=api&utm_campaign=api,https://i.etsystatic.com/32077465/r/il/cf9cd4/3495914218/il_fullxfull.3495914218_o0es.jpg
1128551131,"Ally 1.0 UP: Burnt Henna / Burnt Henna Python with fringes and chains in gold","Model Â´ALLY 1.0 UPÂ´ shoulder bag

COLOR COMBINATION

FRONT: burnt henna with genuine leather fringes in pink. Gold chain with rivets attached to which fine gold chains hang freely.
BACK : burnt henna python consisting of 3 parts
HANDLE: removable neck strap consisting of a gold chain and a 3 cm wide genuine leather strap insert. The genuine leather strap was hand-dyed in pink. 

PRODUCT INFORMATION: 

This unique item is handmade. Â´ALLY 1.0 UPÂ´ is a medium size shoulder bag and is perfect for everyday life. The bag is reinforced and slightly stiff. Due to its stability, it can be carried quite chicly in the hand with a short handle or without any strap. The front and back of the bag are kept in different colors, so you have a bag with two completely different looks!

------------------------------------------

MATERIAL & SIZE: 

CORPUS: high-quality vegan leather 
INTERIOR: zippered compartment, black cotton lining
DETAILS: plastic zipper, carabiner-rings gold, shoulder strap approximately 107cm made of aluminum chain, and genuine leather strap insert.
BAG: 23 x 31 x 4 cm (heightxwidthxlength)
Weight: 420 gr Midi 
Accessoire: 18 x 12 cm (heightxwidth)

-------------------------------------------

Are you creative and want to design your own bag? Then take advantage of the CUSTOM.BAG offer and style your own bag!
Just drop me a line here on Etsy or Instagram (@r.lovely.bag) and I&#39;ll explain the details!

Have a look at my shop and discover more products: https://www.etsy.com/de/shop/RLovelyShop?ref=simple-shop-header-name&listing_id=1154681902","199.00 EUR",new,"in stock",https://localhost/etsy-connector,https://rlovelyshop.etsy.com/pl/listing/1128551131/ally-10-up-burnt-henna-burnt-henna?utm_source=fbigshoppingintegrat&utm_medium=api&utm_campaign=api,https://i.etsystatic.com/32077465/r/il/1bffc9/3716938693/il_fullxfull.3716938693_qctw.jpg
1203736281,"Bag for women leather bag orange, small bag, crossbody bag, clutch bag, customise rlovely, shoulder bag, pochette","&quot;MODEL &quot;Kitty&quot; 1.0 Shoulder BagğŸ›ï¸ğŸ›ï¸

COLOUR COMBINATION: Mandarin red stitch with neon orange hand-painted genuine leather details and gold metal buckles.
HANDLE: Adjustable shoulder strap made of genuine leather strap in metallic rose gold. The short acrylic chain features an optional pink and gold snap rings. 

PRODUCT INFORMATION:
This one of a kind piece is handmade.
&quot;Kitty&quot; is a clutch or a shoulder bag. It is lined in black and has a zipped compartment inside.

material & dimensions
	
Body: High Quality Vegan Leather
Interior: Zipped compartment, black cotton lining
Details: Metal details in gold  
Length of shoulder strap approx. 105 cm shortenable to 89 cm in genuine leather
Bag: approx. W 25 x H 15 x D 6 cm 
Weight: approx. 350 gr","149.00 EUR",new,"in stock",https://localhost/etsy-connector,https://rlovelyshop.etsy.com/pl/listing/1203736281/bag-for-women-leather-bag-orange-small?utm_source=fbigshoppingintegrat&utm_medium=api&utm_campaign=api,https://i.etsystatic.com/32077465/r/il/805e08/3812342139/il_fullxfull.3812342139_if6t.jpg
1203732819,"Bag for women yellow leather bag, small bag, crossbody bag, clutch bag, customise rlovely, shoulder bag, pochette","&quot; MODEL &quot;Kitty&quot; 1.0 crossbody bag or Shoulder BagğŸ›ï¸ğŸ›ï¸

COLOUR COMBINATION: Mustard Yellow with neon pink hand-painted genuine leather details and gold metal buckles.
HANDLE: Adjustable shoulder strap made of genuine leather strap in metallic rose gold. The short acrylic chain is optional and in gold with 3 marbled beige links and gold snap rings. 

PRODUCT INFORMATION:
This one-of-a-kind piece is handmade.
&quot;Kitty&quot; is a shoulder and shoulder bag. It is lined in black and has a zipped compartment inside.

material & dimensions
	
Body: High-Quality Vegan Leather
Interior: Zipped compartment, black cotton lining
Details: Metal details in gold  
Length of shoulder strap approx. 105 cm shortenable to 89 cm in genuine leather
Bag: approx. W 25 x H 15 x D 6 cm 
Weight: approx. 350 gr","149.00 EUR",new,"in stock",https://localhost/etsy-connector,https://rlovelyshop.etsy.com/pl/listing/1203732819/bag-for-women-yellow-leather-bag-small?utm_source=fbigshoppingintegrat&utm_medium=api&utm_campaign=api,https://i.etsystatic.com/32077465/r/il/2f0251/3764726182/il_fullxfull.3764726182_r0ng.jpg
1202524081,"Bracelet and necklace for women, chunky chain, statement necklace, large link chain, custom chain, gift for girlfriend, r lovely","Necklace and bracelet as a bundle

Colors:
- black 
- metal gun 
- gold 
- marbled brown 

The chains can be flexibly adjusted by the snap rings: 
the chains are made of plug links, which can be easily inserted into each other. 

------------------------------


Necklace: 53 cm chain length - 23 pieces of links of your choice color
Bracelet: 


The snap rings made of nickel-free aluminum are attached depending on the chain color in gold / silver / or metal gun

------------------------------

If you want to be tone-on-tone, get the matching earrings here too:","64.00 EUR",new,"in stock",https://localhost/etsy-connector,https://rlovelyshop.etsy.com/pl/listing/1202524081/bracelet-and-necklace-for-women-chunky?utm_source=fbigshoppingintegrat&utm_medium=api&utm_campaign=api,https://i.etsystatic.com/32077465/r/il/ee6706/3760266024/il_fullxfull.3760266024_9ucz.jpg
1202523439,"Bracelet and necklace for women, chunky chain, statement necklace, large link chain, custom chain, gift for girlfriend, r lovely","Necklace and bracelet as a bundle

Colors:
- black 
- metal gun 
- gold 
- marbled brown 

The chains can be flexibly adjusted by the snap rings: 
the chains are made of plug links, which can be easily inserted into each other. 

------------------------------


Necklace: 53 cm chain length - 23 pieces of links of your choice color
Bracelet: 


The snap rings made of nickel-free aluminum are attached depending on the chain color in gold / silver / or metal gun

------------------------------

If you want to be tone-on-tone, get the matching earrings here too:","64.00 EUR",new,"in stock",https://localhost/etsy-connector,https://rlovelyshop.etsy.com/pl/listing/1202523439/bracelet-and-necklace-for-women-chunky?utm_source=fbigshoppingintegrat&utm_medium=api&utm_campaign=api,https://i.etsystatic.com/32077465/r/il/5a0f2b/3807868089/il_fullxfull.3807868089_8yqh.jpg
1188458240,"Bracelet and necklace for women, chunky chain, statement necklace, large link chain, custom chain, gift for girlfriend, r lovely","Necklace and bracelet as a bundle

Colors:
- black 
- metal gun 
- gold 
- marbled brown 

The chains can be flexibly adjusted by the snap rings: 
the chains are made of plug links, which can be easily inserted into each other. 

------------------------------


Necklace: 53 cm chain length - 23 pieces of links of your choice color
Bracelet: 


The snap rings made of nickel-free aluminum are attached depending on the chain color in gold / silver / or metal gun

------------------------------

If you want to be tone-on-tone, get the matching earrings here too: https://www.etsy.com/uk/listing/1136187683/elegant-earrings","64.00 EUR",new,"in stock",https://localhost/etsy-connector,https://rlovelyshop.etsy.com/pl/listing/1188458240/bracelet-and-necklace-for-women-chunky?utm_source=fbigshoppingintegrat&utm_medium=api&utm_campaign=api,https://i.etsystatic.com/32077465/r/il/982c89/3807311035/il_fullxfull.3807311035_fkb0.jpg
1185101450,"Mini wallet or card holder purse, small accessoire bag, mini wallet vegan, key case, wallet women, small bag vegan leather, r lovely","Midi accessory for beauty articles, mobile phone, money, cards and keysğŸ›ï¸ğŸ“±ğŸ”‘
+ place for the dog waste bags selectable
--------------------

PRODUCT INFORMATION:
ğŸ‘ğŸ½Handmade

-------------------

MATERIAL & DIMENSIONS
Body: High Quality Vegan Leather
Interior: Without lining
Details: Plastic zip in silver
Weight: 100 gr
Bag: approx. 18 x 12 cm (WxH)","25.00 EUR",new,"in stock",https://localhost/etsy-connector,https://rlovelyshop.etsy.com/pl/listing/1185101450/mini-wallet-or-card-holder-purse-small?utm_source=fbigshoppingintegrat&utm_medium=api&utm_campaign=api,https://i.etsystatic.com/32077465/r/il/a7e47a/3746902016/il_fullxfull.3746902016_m10s.jpg
1186632872,"Small bag with neon spots, crossbody bag, clutch bag, customize rlovely, pochette","MODEL &quot;Jeannie easy peasy&quot; Snake black with neon spots selectable in - pink - yellow - green - orange. 
Back of the bag symmetric bronze. 

The bag is a medium size shoulder bag with different colored sides. It is soft and flexible, the shoulder chain is thin and black (96cm length). This bag is handmade! The spots are applied by hand!

The bag is available in other variants: 
- UP (reinforced, sturdy)
- leather insert with matching spots and side chains in metal gun (length 96 cm)
- with short thick acrylic chain in the color of your choice and removable by the snap rings
- with matching mini accessory


-------------------------------------------------

material & dimensions
	
Body: High Quality Vegan Leather
Interior: black lined
Zippers and metal details metal gun
Bag: approx. 28 x 19 cm (WxH)
	weight: ca. 150 gr. - 250 gr.

----------------------------------------------------


You are creative and want to design your own bag? Then use the ONLINE Atelier. I will make your CUSTOM.BAG according to your design wishes. 

Have a look at my store and discover more products: https://www.etsy.com/de/shop/RLovelyShop","99.00 EUR",new,"in stock",https://localhost/etsy-connector,https://rlovelyshop.etsy.com/pl/listing/1186632872/small-bag-with-neon-spots-crossbody-bag?utm_source=fbigshoppingintegrat&utm_medium=api&utm_campaign=api,https://i.etsystatic.com/32077465/r/il/195e4a/3878423238/il_fullxfull.3878423238_dvfd.jpg
1200584929,"Accessory or small bag with peace sign, selfmade, crossbody bag, clutch bag, customise rlovely, make up bag or cosmetic bag, pochette","&quot;MODEL &quot;Jeannie PEACE&quot; Accessories and/or optional small shoulder bag.

This PRE ORDER unique piece is handmade by me according to your order. Production time approx. 2 - 5 weeks. The standard zip is silver. Please let me know if you prefer the zip in gold or metal gun. 

The accessory &quot;Jeannie&quot; is available in 2 sizes. It is suitable as a larger accessory/make-up bag or as a small cosmetic bag.

With the side flaps, you can also quickly turn &quot;Jeannie&quot; into a shoulder bag. Of course you can also get these options from me.
- Attach the snap rings:
- attach the acrylic chain to spice it up:
- attach an additional chain: 

----------------------------------------------

Material & dimensions
	
Body: High quality vegan leather
	Inside: Unlined
	Zips and metal details available in silver & gold & metal gun

 Details: &quot;Jeannie&quot; can be worn as a simple accessory or as a bag with the optional accessories.
Snap hook optional - Necklace optional - Short acrylic chain optional 
Bag: Size &quot;Small&quot; approx. 26 x 15 x 3  
Size &quot;Medium&quot; approx. 29 x 17 x 4 cm (WxHxD)
	Weight: 150 gr. &quot;","69.00 EUR",new,"in stock",https://localhost/etsy-connector,https://rlovelyshop.etsy.com/pl/listing/1200584929/accessory-or-small-bag-with-peace-sign?utm_source=fbigshoppingintegrat&utm_medium=api&utm_campaign=api,https://i.etsystatic.com/32077465/r/il/36201d/3800383063/il_fullxfull.3800383063_13va.jpg
1200581507,"Accessory or small bag with peace sign, selfmade, crossbody bag, clutch bag, customise rlovely, make up bag or cosmetic bag, pochette","&quot;MODEL &quot;Jeannie PEACE&quot; Accessories and/or optional small shoulder bag.

This PRE ORDER unique piece is handmade by me according to your order. Production time approx. 2 - 5 weeks. The standard zip is silver. Please let me know if you prefer the zip in gold or metal gun. 

The accessory &quot;Jeannie&quot; is available in 2 sizes. It is suitable as a larger accessory/make-up bag or as a small cosmetic bag.

With the side flaps, you can also quickly turn &quot;Jeannie&quot; into a shoulder bag. Of course you can also get these options from me.
- Attach the snap rings:
- attach the acrylic chain to spice it up:
- attach an additional chain: 

----------------------------------------------

Material & dimensions
	
Body: High quality vegan leather
	Inside: Unlined
	Zips and metal details available in silver & gold & metal gun

 Details: &quot;Jeannie&quot; can be worn as a simple accessory or as a bag with the optional accessories.
Snap hook optional - Necklace optional - Short acrylic chain optional 
Bag: Size &quot;Small&quot; approx. 26 x 15 x 3  
Size &quot;Medium&quot; approx. 29 x 17 x 4 cm (WxHxD)
	Weight: 150 gr. &quot;","69.00 EUR",new,"in stock",https://localhost/etsy-connector,https://rlovelyshop.etsy.com/pl/listing/1200581507/accessory-or-small-bag-with-peace-sign?utm_source=fbigshoppingintegrat&utm_medium=api&utm_campaign=api,https://i.etsystatic.com/32077465/r/il/7d1ec5/3800306345/il_fullxfull.3800306345_andy.jpg
1185101922,"Mini wallet or card holder purse, small accessoire bag, mini wallet vegan, key case, wallet women, small bag vegan leather, r lovely","Midi accessory for beauty articles, mobile phone, money, cards and keysğŸ›ï¸ğŸ“±ğŸ”‘
+ place for the dog waste bags selectable
--------------------

PRODUCT INFORMATION:
ğŸ‘ğŸ½Handmade

-------------------

MATERIAL & DIMENSIONS
Body: High Quality Vegan Leather
Interior: Without lining
Details: Plastic zip in silver
Weight: 100 gr
Bag: approx. 18 x 12 cm (WxH)","25.00 EUR",new,"in stock",https://localhost/etsy-connector,https://rlovelyshop.etsy.com/pl/listing/1185101922/mini-wallet-or-card-holder-purse-small?utm_source=fbigshoppingintegrat&utm_medium=api&utm_campaign=api,https://i.etsystatic.com/32077465/r/il/710bc0/3794497905/il_fullxfull.3794497905_ni16.jpg
1199057661,"Mini wallet or card holder purse, dog poop bag, small bag, mini wallet vegan, key case, wallet women, small bag vegan leather, r lovely","Midi accessory for beauty articles, mobile phone, money, cards and keysğŸ›ï¸ğŸ“±ğŸ”‘
+ place for the dog waste bags selectable
--------------------

PRODUCT INFORMATION:
ğŸ‘ğŸ½Handmade

-------------------

MATERIAL & DIMENSIONS
Body: High Quality Vegan Leather
Interior: Without lining
Details: Plastic zip in silver
Weight: 100 gr
Bag: approx. 18 x 12 cm (WxH)","25.00 EUR",new,"in stock",https://localhost/etsy-connector,https://rlovelyshop.etsy.com/pl/listing/1199057661/mini-wallet-or-card-holder-purse-dog?utm_source=fbigshoppingintegrat&utm_medium=api&utm_campaign=api,https://i.etsystatic.com/32077465/r/il/c0d658/3800125357/il_fullxfull.3800125357_o9r9.jpg
1198985011,"Mini wallet or card holder purse, small accessoire bag, dog poop bag, mini wallet, key case, wallet women, small bag vegan leather, r lovely","Midi accessory for beauty articles, mobile phone, money, cards and keysğŸ›ï¸ğŸ“±ğŸ”‘
+ place for the dog waste bags selectable
--------------------

PRODUCT INFORMATION:
ğŸ‘ğŸ½Handmade

-------------------

MATERIAL & DIMENSIONS
Body: High Quality Vegan Leather
Interior: Without lining
Details: Plastic zip in silver
Weight: 100 gr
Bag: approx. 18 x 12 cm (WxH)","25.00 EUR",new,"in stock",https://localhost/etsy-connector,https://rlovelyshop.etsy.com/pl/listing/1198985011/mini-wallet-or-card-holder-purse-small?utm_source=fbigshoppingintegrat&utm_medium=api&utm_campaign=api,https://i.etsystatic.com/32077465/r/il/95347c/3794210935/il_fullxfull.3794210935_52yb.jpg
1198983435,"Mini wallet or card holder purse, small accessoire bag, mini wallet vegan, key case, wallet women, small bag vegan leather, r lovely","Midi accessory for beauty articles, mobile phone, money, cards and keysğŸ›ï¸ğŸ“±ğŸ”‘
+ place for the dog waste bags selectable
--------------------

PRODUCT INFORMATION:
ğŸ‘ğŸ½Handmade

-------------------

MATERIAL & DIMENSIONS
Body: High Quality Vegan Leather
Interior: Without lining
Details: Plastic zip in silver
Weight: 100 gr
Bag: approx. 18 x 12 cm (WxH)","25.00 EUR",new,"in stock",https://localhost/etsy-connector,https://rlovelyshop.etsy.com/pl/listing/1198983435/mini-wallet-or-card-holder-purse-small?utm_source=fbigshoppingintegrat&utm_medium=api&utm_campaign=api,https://i.etsystatic.com/32077465/r/il/a09464/3746613224/il_fullxfull.3746613224_2esm.jpg
1183840094,"Key case, card holder wallet vegan leather, mini wallet or purse, mini pochette accessoire, creditcard etui, Â wallet credit cards, r lovely","Mini accessory for money, cards and keys ğŸ”‘ğŸ›ï¸ğŸ“±

---------------

PRODUCT INFORMATION: 
ğŸ‘ğŸ½Handmade 

--------------
MATERIAL & SIZES 
Body: High Quality Vegan Leather 
Interior: Without lining 
Details: Plastic zip in silver 
Weight: 100 gr Bag: approx. 13 x 19 cm (WxH)","19.00 EUR",new,"in stock",https://localhost/etsy-connector,https://rlovelyshop.etsy.com/pl/listing/1183840094/key-case-card-holder-wallet-vegan?utm_source=fbigshoppingintegrat&utm_medium=api&utm_campaign=api,https://i.etsystatic.com/32077465/r/il/e736be/3800473413/il_fullxfull.3800473413_2evt.jpg
1183829466,"Small shoulder bag with detail selfmade, crossbody bag, clutch bag, customise rlovely, make up bag or cosmetic bag, pochette","&quot;MODEL &quot;Jeannie CUSTOM Pieapple&quot; Accessory and/or optional small shoulder bag.

CREATE YOUR DESIGN - The accessory will be handmade according to your wishes and in individual work for you! Production time 2 - 5 weeks.

The accessory &quot;Jeannie&quot; is available in 2 sizes. It is suitable as a larger accessory/make-up bag or as a small cosmetic bag.

ğŸThis item is made from vegan, sustainably produced pineapple leather. 
How and what you choose: 
Firstly choose the size and secondly which negative applique design you would like. 

Please let me know your preference and the following colours in the comments section of the order form: 
ğŸ‘‰ğŸ» Desired main colour in pineapple leather for the bag (four available): 
ğŸ‘‰ğŸ» Desired appliquÃ© colour (all colours available): 
ğŸ‘‰ğŸ» Desired zip colour: 
Please refer to the photos for colour designations.

With the side flaps you can also quickly turn &quot;Jeannie&quot; into a shoulder bag. Of course you can also get these options from me: 
ğŸ‘‰ğŸ» Snap rings in gold, metal gun or silver: https://www.etsy.com/listing/1146861719/snap-rings-carabiner
ğŸ‘‰ğŸ» additional chain here in the shop (&quot;basic chain&quot;): https://www.etsy.com/shop/RLovelyShop

--------------------------------------------

Material & dimensions
	
Body: High quality vegan leather
	Inside: Unlined
	Zips and metal details available in silver & gold & metal gun
Thousand Details: &quot;Jeannie&quot; can be worn as a simple accessory or as a bag with the optional accessories.
Snap hook optional - Necklace optional - Short acrylic chain optional 
Bag: Size &quot;Small&quot; approx. 26 x 15 x 3  
Size &quot;Medium&quot; approx. 29 x 17 x 4 cm (WxHxD)
	Weight: 150 gr. &quot;

-------------------------------------------

Are you creative and want to design your own bag? Then take advantage of the CUSTOM.BAG 


Have a look at my shop and discover more products: https://www.etsy.com/de/shop/RLovelyShop","79.00 EUR",new,"in stock",https://localhost/etsy-connector,https://rlovelyshop.etsy.com/pl/listing/1183829466/small-shoulder-bag-with-detail-selfmade?utm_source=fbigshoppingintegrat&utm_medium=api&utm_campaign=api,https://i.etsystatic.com/32077465/r/il/cda341/3789420891/il_fullxfull.3789420891_eo08.jpg
1183664382,"Shoulder bag or small bag with detail, lgbtq, selfmade, crossbody bag, clutch bag, customise rlovely, make up bag or cosmetic bag","&quot;MODEL &quot;Jeannie LGBTQ&quot; Accessory and/or optional small bagâ¤ï¸ğŸ§¡ğŸ’›ğŸ’šğŸ’™.

This PRE ORDER unique piece is handmade by me according to your order. Production time approx. 2 - 5 weeks. The standard zip is silver. Please let me know when ordering if you would prefer the zip in gold or metal gun. 

The accessory &quot;Jeannie&quot; is available in 2 sizes. It is suitable as a larger accessory/make-up bag or as a small cosmetic bag.

With the flaps on the side, &quot;Jeannie&quot; can also be quickly transformed into a shoulder bag. Of course you can also get these options from me:

ğŸ’œ Carabiner in gold, metal gun or silver: https://www.etsy.com/listing/1146861719/snap-rings-carabiner
ğŸ’™ additional chain here in the shop (&quot;basic chain&quot;): https://www.etsy.com/shop/RLovelyShop

---------------------------------------------

Material & dimensions
	
Body: High quality vegan leather
	Interior: Unlined
	Zips and metal details available in silver & gold & metal gun.
Thousand Details: &quot;Jeannie&quot; can be worn as a simple accessory or as a bag with the optional accessories.
Snap hook optional - Necklace optional - Short acrylic chain optional 
Bag: Size &quot;Small&quot; approx. 26 x 15 x 3  
Size &quot;Medium&quot; approx. 29 x 17 x 4 cm (WxHxD)
	Weight: 150 gr. &quot;","59.00 EUR",new,"in stock",https://localhost/etsy-connector,https://rlovelyshop.etsy.com/pl/listing/1183664382/shoulder-bag-or-small-bag-with-detail?utm_source=fbigshoppingintegrat&utm_medium=api&utm_campaign=api,https://i.etsystatic.com/32077465/r/il/04ed1e/3710089857/il_fullxfull.3710089857_5hv3.jpg
1183770058,"Basic chain colourful and matt","The chains can be worn as a bag chain, necklace and waist chain. 

As you can see in the video, you can create over 80 new colour combinations from the basic chain with the additional set. 

Here you choose your base in 3 lengths and 7 colours. 

The 53 cm chain can be used as a short necklace or as a short handle for any bag. 
With the 80 cm chain, you have more possibilities e.g.: a long necklace, a shoulder chain for the bag. 
You can even use the 107 cm chain as a waist belt and long necklace for the bag. 

You can shorten the length of the chain as you like. The long 107 cm chain quickly become 2 short necklaces or 4 bracelets. 
The chains consist of links that can easily be inserted into each other. VoilÃ¡ lEGO for lADYS! 

53 cm chain length - 23 pieces of links in your choice of colour
80 cm chain length - 33 pieces of links in the colour of your choice
107 cm chain length - 45 links of your chosen colour

The nickel-free aluminium snap rings are silver.

... and with the ADDITIONAL SET containing 3 - 6 or 9 more pieces of each of the 3 colours, your basic chain can be transformed into anything you want: https://www.etsy.com/de/listing/1146761941/zusatzkettenglieder-3er-und-6er-set","39.00 EUR",new,"in stock",https://localhost/etsy-connector,https://rlovelyshop.etsy.com/pl/listing/1183770058/basic-chain-colourful-and-matt?utm_source=fbigshoppingintegrat&utm_medium=api&utm_campaign=api,https://i.etsystatic.com/32077465/r/il/3dc7c6/3741588830/il_fullxfull.3741588830_h4ms.jpg
1183763654,"Shoe chain elegant, shoe charms, shoe jewelry, flexible chain, shoes unique, unique chain, gold shoe charms, r lovely, chunky chain","The shoe chain can be attached to any shoe and is currently the IT PIECE par excellence.

The chain has a length of 39 cm, but can be individually adjusted and even fits around a cosy Ugg.

15 pieces of chain links incl. silver, metal gun or two gold rings.
rings: Nickel plated aluminium
Chain links: plastic

The chains are made of plug-in links that can be inserted into and removed from each other with a little pressure. So you can adjust the length of the chain to fit any of your shoes. ... high sneakers ... with pumps around the ankles ... go for the winter boots! 

The chains are equipped by a snap ring. But you can also close the shoe chain without the snap ring and put the links directly into each other. 

Chain length 39 cm = 15 chain links including one silver, metal gun or two gold rings.

If you want to give your shoe chains an extra kick, get the additional set of &quot;little colourful rings&quot; and add them too!","49.00 EUR",new,"in stock",https://localhost/etsy-connector,https://rlovelyshop.etsy.com/pl/listing/1183763654/shoe-chain-elegant-shoe-charms-shoe?utm_source=fbigshoppingintegrat&utm_medium=api&utm_campaign=api,https://i.etsystatic.com/32077465/r/il/82b218/3789148155/il_fullxfull.3789148155_sjpz.jpg
1197709747,"Basic Chain Elegant","Basic Chain Elegant Shiny

These elegant chains are very popular as bag chain, necklace and waist chain!

You can choose from 4 colours and 3 different lengths. 

With the help of the two lobster rings, the 53 cm long chain can be worn as a short necklace as well as a short handle and for pimping any bag. 
The 80 cm long version can be used as a long necklace as well as a shoulder chain for your bag. 
The long chain, 107cm, can be worn as a waist belt or as a long necklace on your bag. 

You can shorten the length of the chain as you like. The long 107cm chain can quickly be turned into 2 short necklaces or 4 bracelets. The chains are made of links that can easily be plugged into each other. VoilÃ¡ lEGO for lADYS! 

53 cm chain length - 23 pieces of links in your choice of colour
80 cm chain length - 33 pieces of links in the colour of your choice
107 cm chain length - 45 links of your chosen colour

The single-coloured chain can be changed again and again with the additional set (chain links in other colours)... from matt black to Unicorn on the Rainbow...

The snap rings made of nickel-free aluminium are attached in gold / silver / or metal gun, depending on the chain colour.

Colour of the snap rings:
Chain in black / metal gun / marbled brown = 2 x snap ring Metal Gun.
Chain in gold = 2 x snap ring gold

... and with the ADDITIONAL SET containing 3 - 6 or 9 more pieces of each of the 3 colours, your basic chain can be transformed into anything you want: https://www.etsy.com/de/listing/1146761941/zusatzkettenglieder-3er-und-6er-set","39.00 EUR",new,"in stock",https://localhost/etsy-connector,https://rlovelyshop.etsy.com/pl/listing/1197709747/basic-chain-elegant?utm_source=fbigshoppingintegrat&utm_medium=api&utm_campaign=api,https://i.etsystatic.com/32077465/r/il/d46d1a/3741532086/il_fullxfull.3741532086_3sum.jpg
1183750588,"Basic Chain Elegant","Basic Chain Elegant Shiny

These elegant chains are very popular as bag chain, necklace and waist chain!

You can choose from 4 colours and 3 different lengths. 

With the help of the two lobster rings, the 53 cm long chain can be worn as a short necklace as well as a short handle and for pimping any bag. 
The 80 cm long version can be used as a long necklace as well as a shoulder chain for your bag. 
The long chain, 107cm, can be worn as a waist belt or as a long necklace on your bag. 

You can shorten the length of the chain as you like. The long 107cm chain can quickly be turned into 2 short necklaces or 4 bracelets. The chains are made of links that can easily be plugged into each other. VoilÃ¡ lEGO for lADYS! 

53 cm chain length - 23 pieces of links in your choice of colour
80 cm chain length - 33 pieces of links in the colour of your choice
107 cm chain length - 45 links of your chosen colour

The single-coloured chain can be changed again and again with the additional set (chain links in other colours)... from matt black to Unicorn on the Rainbow...

The snap rings made of nickel-free aluminium are attached in gold / silver / or metal gun, depending on the chain colour.

Colour of the snap rings:
Chain in black / metal gun / marbled brown = 2 x snap ring Metal Gun.
Chain in gold = 2 x snap ring gold

... and with the ADDITIONAL SET containing 3 - 6 or 9 more pieces of each of the 3 colours, your basic chain can be transformed into anything you want: https://www.etsy.com/de/listing/1146761941/zusatzkettenglieder-3er-und-6er-set","39.00 EUR",new,"in stock",https://localhost/etsy-connector,https://rlovelyshop.etsy.com/pl/listing/1183750588/basic-chain-elegant?utm_source=fbigshoppingintegrat&utm_medium=api&utm_campaign=api,https://i.etsystatic.com/32077465/r/il/910604/3533426406/il_fullxfull.3533426406_qsvf.jpg
1197702447,"Bracelet colourful","The bracelet consists of 8 links with a snap ring in gold, silver or metal gun

Chain Pink / Turquoise / Purple / Pink / Yellow with 1 x snap ring Silver - Diameter 25 mm 

Chain links made of matt plastic 
Snap rings made of nickel-free aluminium.

To make your bracelet even more individual, you can add an additional set in another colour: https://www.etsy.com/de/listing/1132939524/zusatzkettenglieder-farbe-auswahlbar

Have a look at my shop and discover more products: https://www.etsy.com/de/shop/RLovelyShop?ref=simple-shop-header-name&listing_id=1154681902","22.00 EUR",new,"in stock",https://localhost/etsy-connector,https://rlovelyshop.etsy.com/pl/listing/1197702447/bracelet-colourful?utm_source=fbigshoppingintegrat&utm_medium=api&utm_campaign=api,https://i.etsystatic.com/32077465/r/il/8d425f/3741500520/il_fullxfull.3741500520_7bxq.jpg
1183742004,"Hairband for ponytail, hair accessories, headband gold or silver, wedding headband, hair decoration, r lovely, link chain, headdress","&quot;HAIRCHAIN&quot; hair band - ponytail ğŸ’–ğŸ’›ğŸ’œğŸ–¤ğŸ¤

PRODUCT INFORMATION:
Hairband - Ponytail Chignon
The chain made of high quality acrylic is a plug-in system. This allows you to separate or interlock the chain links and adjust them exactly to your desired length. The standard hair band is attached to the snap rings, which are available in silver, gold and metal gun. This makes the &quot;HAIRCHAIN&quot; elastic and therefore comfortable. If you want to put the chain around your high ponytail, chignon or chignon, shorten the chain and put the ends directly into each other without the snap ring.

When you don&#39;t need the chain for your hair, wear it as a necklace, bracelet or short handle for your bag. Tada! A chain for all occasions!

Material & Dimensions
Chain: 100% acrylic acetate
Length incl. snap hook: 53 cm= 22 chain pieces
2 snap rings: Nickel-free aluminium
1 standard hair elastic","35.00 EUR",new,"in stock",https://localhost/etsy-connector,https://rlovelyshop.etsy.com/pl/listing/1183742004/hairband-for-ponytail-hair-accessories?utm_source=fbigshoppingintegrat&utm_medium=api&utm_campaign=api,https://i.etsystatic.com/32077465/r/il/88ff40/3789061705/il_fullxfull.3789061705_bao5.jpg
1197688549,"Basic chain colourful and matt","The chains can be worn as a bag chain, necklace and waist chain. 

As you can see in the video, you can create over 80 new colour combinations from the basic chain with the additional set. 

Here you choose your base in 3 lengths and 7 colours. 

The 53 cm chain can be used as a short necklace or as a short handle for any bag. 
With the 80 cm chain, you have more possibilities e.g.: a long necklace, a shoulder chain for the bag. 
You can even use the 107 cm chain as a waist belt and long necklace for the bag. 

You can shorten the length of the chain as you like. The long 107 cm chain quickly become 2 short necklaces or 4 bracelets. 
The chains consist of links that can easily be inserted into each other. VoilÃ¡ lEGO for lADYS! 

53 cm chain length - 23 pieces of links in your choice of colour
80 cm chain length - 33 pieces of links in the colour of your choice
107 cm chain length - 45 links of your chosen colour

The nickel-free aluminium snap rings are silver.

... and with the ADDITIONAL SET containing 3 - 6 or 9 more pieces of each of the 3 colours, your basic chain can be transformed into anything you want: https://www.etsy.com/de/listing/1146761941/zusatzkettenglieder-3er-und-6er-set","39.00 EUR",new,"in stock",https://localhost/etsy-connector,https://rlovelyshop.etsy.com/pl/listing/1197688549/basic-chain-colourful-and-matt?utm_source=fbigshoppingintegrat&utm_medium=api&utm_campaign=api,https://i.etsystatic.com/32077465/r/il/803b08/3789093537/il_fullxfull.3789093537_g44q.jpg
1197687199,"Basic chain colourful and matt","The chains can be worn as a bag chain, necklace and waist chain. 

As you can see in the video, you can create over 80 new colour combinations from the basic chain with the additional set. 

Here you choose your base in 3 lengths and 7 colours. 

The 53 cm chain can be used as a short necklace or as a short handle for any bag. 
With the 80 cm chain, you have more possibilities e.g.: a long necklace, a shoulder chain for the bag. 
You can even use the 107 cm chain as a waist belt and long necklace for the bag. 

You can shorten the length of the chain as you like. The long 107 cm chain quickly become 2 short necklaces or 4 bracelets. 
The chains consist of links that can easily be inserted into each other. VoilÃ¡ lEGO for lADYS! 

53 cm chain length - 23 pieces of links in your choice of colour
80 cm chain length - 33 pieces of links in the colour of your choice
107 cm chain length - 45 links of your chosen colour

The nickel-free aluminium snap rings are silver.

... and with the ADDITIONAL SET containing 3 - 6 or 9 more pieces of each of the 3 colours, your basic chain can be transformed into anything you want: https://www.etsy.com/de/listing/1146761941/zusatzkettenglieder-3er-und-6er-set","39.00 EUR",new,"in stock",https://localhost/etsy-connector,https://rlovelyshop.etsy.com/pl/listing/1197687199/basic-chain-colourful-and-matt?utm_source=fbigshoppingintegrat&utm_medium=api&utm_campaign=api,https://i.etsystatic.com/32077465/r/il/ebe351/3760255152/il_fullxfull.3760255152_3eiz.jpg
1183658382,"Shoulder bag or small bag with detail, lgbtq, selfmade, crossbody bag, clutch bag, customise rlovely, make up bag or cosmetic bag","&quot;MODEL &quot;Jeannie LGBTQ&quot; Accessory and/or optional small bagâ¤ï¸ğŸ§¡ğŸ’›ğŸ’šğŸ’™.

This PRE ORDER unique piece is handmade by me according to your order. Production time approx. 2 - 5 weeks. The standard zip is silver. Please let me know when ordering if you would prefer the zip in gold or metal gun. 

The accessory &quot;Jeannie&quot; is available in 2 sizes. It is suitable as a larger accessory/make-up bag or as a small cosmetic bag.

With the flaps on the side, &quot;Jeannie&quot; can also be quickly transformed into a shoulder bag. Of course you can also get these options from me:

ğŸ’œ Carabiner in gold, metal gun or silver: https://www.etsy.com/listing/1146861719/snap-rings-carabiner
ğŸ’™ additional chain here in the shop (&quot;basic chain&quot;): https://www.etsy.com/shop/RLovelyShop

---------------------------------------------

Material & dimensions
	
Body: High quality vegan leather
	Interior: Unlined
	Zips and metal details available in silver & gold & metal gun.
Thousand Details: &quot;Jeannie&quot; can be worn as a simple accessory or as a bag with the optional accessories.
Snap hook optional - Necklace optional - Short acrylic chain optional 
Bag: Size &quot;Small&quot; approx. 26 x 15 x 3  
Size &quot;Medium&quot; approx. 29 x 17 x 4 cm (WxHxD)
	Weight: 150 gr. &quot;","59.00 EUR",new,"in stock",https://localhost/etsy-connector,https://rlovelyshop.etsy.com/pl/listing/1183658382/shoulder-bag-or-small-bag-with-detail?utm_source=fbigshoppingintegrat&utm_medium=api&utm_campaign=api,https://i.etsystatic.com/32077465/r/il/904312/3741112114/il_fullxfull.3741112114_pwow.jpg
1171956700,"Small bag pink leather unique bag, shoulder bag, crossbody bag, clutch bag, customise rlovely, bag for women, pochette","&quot;Denny&quot; shoulder and shoulder bagğŸ›ï¸

PRODUCT INFORMATION:
This PRE ORDER piece is a design draft and will be handmade by me after order. Production time approx. 4-6 weeks. The black and white photos show a midi bag and serve as an example of how the bag looks and is finished when worn. 

COLOUR COMBINATION: Front &quot;Cloud Dancer grey&quot; warm light grey. Back side pink elephant. Side painted red.
HANDS: Short acrylic chain in metal gun. Leather shoulder strap in black.   

PRODUCT INFORMATION:
&quot;Denny&quot; is a shoulder bag and available in mini or midi size. It is lined in black and has a zipped compartment inside and out.

---------------------------------------------------

material & dimensions
	
Body: High quality vegan leather
	Interior: Zipped compartment, black cotton lining
	Details: Zippers and metal details in Metal Gun
Length shoulder strap approx. 100 cm, short handle approx. 57 cm
Bag: approx. mini 30 x 26 x 5. midi 35 x 30 x 5 (WxHxD)
	Weight: approx. 500 gr","185.00 EUR",new,"in stock",https://localhost/etsy-connector,https://rlovelyshop.etsy.com/pl/listing/1171956700/small-bag-pink-leather-unique-bag?utm_source=fbigshoppingintegrat&utm_medium=api&utm_campaign=api,https://i.etsystatic.com/32077465/r/il/36f339/3702203104/il_fullxfull.3702203104_3swg.jpg
1170763988,"Bag strap, adjustable for bag, accessories, purse strap, bag chain, crossbody chain, cross body bag strap, purse strap, r lovely","Metal chain ğŸŒˆRainbowğŸŒˆ in 3 lengths

ğŸ‘‰ğŸ»Long 120 cm
ğŸ‘‰ğŸ»Standard length 100 cm
ğŸ‘‰ğŸ»Short 93 cm","35.00 EUR",new,"in stock",https://localhost/etsy-connector,https://rlovelyshop.etsy.com/pl/listing/1170763988/bag-strap-adjustable-for-bag-accessories?utm_source=fbigshoppingintegrat&utm_medium=api&utm_campaign=api,https://i.etsystatic.com/32077465/r/il/d55c87/3702331406/il_fullxfull.3702331406_94eu.jpg
1165765588,"CUSTOM, Accessory or small bag with detail selfmade, crossbody bag, clutch bag, rlovely, make up bag or cosmetic bag, pochette","MODEL &quot;Jeannie CUSTOM&quot; Accessories and/or optional small shoulder bag
âš¡FLASH
â˜®ï¸PEACE
ğŸ’™LGBTQ
â¤ï¸LETTER & HEART 1+2
 Accessory and/or optional small shoulder bag.

CREATE YOUR DESIGN - The accessory will be handmade to your request and individual work for you! Production time 2 - 5 weeks.

The accessory &quot;Jeannie&quot; is available in 2 sizes. It is suitable as a larger accessory/make-up bag or as a small cosmetic bag.


How and what can you choose: 
1. the size 
2. the motif of the negative appliquÃ©. 

Let me know your preference and the following colours in the comments when you complete your order: 
ğŸ‘‰ğŸ» Desired main colour for the bag: 
ğŸ‘‰ğŸ» Desired symbol- colour: * (â—)
ğŸ‘‰ğŸ» Desired colour of the zip: The colour names can be seen in the photos.


* (â—) Letter & Heart 2: The letter and heart are highlighted in different colours. Choose two colours for the appliquÃ© instead of one. 

-----------------------------------------

You can also quickly turn &quot;Jeannie&quot; into a shoulder bag with the side flaps. Of course you can also get these options from me.
- Attach the snap rings: https://www.etsy.com/listing/1146861719/snap-rings-carabiner
- attach an additional chain: https://www.etsy.com/shop/RLovelyShop

Due to the negative appliquÃ©s (motif is not sewn on the back) &quot;Jeannie&quot; is a doubleface bag and the sides are different colours.


---------------------------------------- 

material & dimensions
	
Body: High Quality Vegan Leather
	Interior: Unlined, the appliquÃ© is visible on the inside.
	Zips and metal details available in silver & gold & metal gun
Thougt Details: &quot;Jeannie&quot; can be worn as a simple accessory or with the optionals as a bag.
Snap rings optional - Necklace optional - Short acrylic chain optional 
Bag: Size &quot;Small&quot; approx. 26 x 15 x 3  
Size &quot;Medium&quot; approx. 29 x 17 x 4 cm (WxHxD)
	Weight: 150 gr. &quot;

---------------------------------------

Have a look at my shop and discover more products: https://www.etsy.com/de/shop/RLovelyShop","69.00 EUR",new,"in stock",https://localhost/etsy-connector,https://rlovelyshop.etsy.com/pl/listing/1165765588/custom-accessory-or-small-bag-with?utm_source=fbigshoppingintegrat&utm_medium=api&utm_campaign=api,https://i.etsystatic.com/32077465/r/il/3d0c61/3691025916/il_fullxfull.3691025916_l5cg.jpg
